{"cameraMode":{"drawMode":0,"name":"Shaded","section":"Shading Mode"},"sceneLighting":false,"audioPlay":false,"sceneViewState":{"showFog":true,"showMaterialUpdate":false,"showSkybox":false,"showFlares":true,"showImageEffects":true,"showParticleSystems":true},"in2DMode":false,"pivot":{"x":3.365833044052124,"y":1.7260267734527588,"z":2.0357439517974855},"rotation":{"x":0.509935200214386,"y":0.04341524466872215,"z":-0.025460854172706605,"w":0.8588073253631592},"size":0.3474910855293274,"orthographic":false}