{"cameraMode":{"drawMode":0,"name":"Shaded","section":"Shading Mode"},"sceneLighting":false,"audioPlay":false,"sceneViewState":{"showFog":true,"showMaterialUpdate":false,"showSkybox":false,"showFlares":true,"showImageEffects":true,"showParticleSystems":true},"in2DMode":false,"pivot":{"x":7.589883804321289,"y":0.10678339004516602,"z":3.5448989868164064},"rotation":{"x":-0.44973739981651308,"y":-0.034835364669561389,"z":0.01737910695374012,"w":-0.8923872113227844},"size":2.5880839824676515,"orthographic":false}