{"cameraMode":{"drawMode":0,"name":"Shaded","section":"Shading Mode"},"sceneLighting":false,"audioPlay":false,"sceneViewState":{"showFog":true,"showMaterialUpdate":false,"showSkybox":false,"showFlares":true,"showImageEffects":true,"showParticleSystems":true},"in2DMode":false,"pivot":{"x":-1.4754259586334229,"y":1.5384223461151124,"z":0.5425376296043396},"rotation":{"x":-0.06913875043392182,"y":0.6240768432617188,"z":-0.055556345731019977,"w":-0.776332437992096},"size":4.541891574859619,"orthographic":false}