{"cameraMode":{"drawMode":0,"name":"Shaded","section":"Shading Mode"},"sceneLighting":false,"audioPlay":false,"sceneViewState":{"showFog":true,"showMaterialUpdate":false,"showSkybox":false,"showFlares":true,"showImageEffects":true,"showParticleSystems":true},"in2DMode":false,"pivot":{"x":4.8972086906433109,"y":1.5987507104873658,"z":1.8570646047592164},"rotation":{"x":-0.3177817463874817,"y":0.6470274925231934,"z":-0.3409249782562256,"w":-0.603517472743988},"size":0.4339648485183716,"orthographic":false}